employee_id,password_hash
FINEMP1000,$pbkdf2-sha256$29000$t5aSUuodQ2iNMQYAIERIqQ$pOFPwmPY7Z2Nn9e9vBnrkyGVkfGd/p7KMUETw13a5Os
FINEMP1001,$pbkdf2-sha256$29000$zLl3DkFoDcH437sXYowRwg$pMWqOCFaZf/UbevvbBC7VcOfbRsnA9rHa3OdiuaJR7c
FINEMP1002,$pbkdf2-sha256$29000$T2nN2XuvFSJEqPX.PwegFA$vDX9nNh5V5gsDPFWnN.wKgi.dmsJO7naKtYNmSnVplY
FINEMP1003,$pbkdf2-sha256$29000$vfeeUwqB8L73HgOA8F5LiQ$MHZkG3am.LSx2Sjo2Ol5hr/m//dMzMzcT0u2eqvcGwQ
FINEMP1004,$pbkdf2-sha256$29000$6h2DkNIaw9jb.x.j9L43Rg$VYvCEdCF3aRXfDsgNV6m8OiB51mnxPR8IYSUja8KWSM
FINEMP1005,$pbkdf2-sha256$29000$VgrBGAPgHCMkhPA.R0iJUQ$fntT0Fs1XTY8CX/ziqUuiFAxLWiSUBhSG6wSbgyZHOc
FINEMP1006,$pbkdf2-sha256$29000$fS9FaG2tdU5pzdk75zwHgA$auhtjQFTluNDJ5bkkISJslp0Vvq7jsVtfkL417GYxwc
FINEMP1007,$pbkdf2-sha256$29000$LsUY4xxDyNkbYwxhLCVkzA$JwCOLNbfcbPeinXv0UlgwcfnHm2tqMUbiU6B/iGPFFE
FINEMP1008,$pbkdf2-sha256$29000$07o3JiTEGKOUUgoBYIzx/g$vuRYJgI24b/JZmEH9SSAVfnGF1k5h6YAFcM4uYYBQ4k
FINEMP1009,$pbkdf2-sha256$29000$05pzbi0FICTknHOOsVaqdQ$6rDwMdrRvWboUp.5eduN/Lyj9Lt307zX5j7R33ezFww
FINEMP1010,$pbkdf2-sha256$29000$ai0FgND6HyMEgDCGkPI.Jw$dTgsRltM8b3BPj9C9TGYI3DB757hIsuXFRqqGekrV/k
FINEMP1011,$pbkdf2-sha256$29000$2xuj9H7PeS/lnDNmLAVgDA$7Y0B8Dslc1z1giMqTDes/zAJGkwVnd8ZmfJ29p7cxxA
FINEMP1012,$pbkdf2-sha256$29000$MwYAQIiRMmYs5fxfC8H43w$egsAuaXs0znHk/trmXIi106gVq4oZ8jRdprnHj8PCTw
FINEMP1013,$pbkdf2-sha256$29000$5zznPOd8b621lnLO.b9Xag$xqkDkJWRLGU11EuMH1hPTkuZC024e.TLwN0jhlctIJE
FINEMP1014,$pbkdf2-sha256$29000$IERIKWUspVTqHUOotVZKqQ$mobn9m/8YsMI9dzeSH8fePIV.oMlZTPhei.kwvS9tHY
FINEMP1015,$pbkdf2-sha256$29000$dw5BiBECgLBWaq015lxLCQ$pPItmwdRqiji.r4lb9WK6S9rNKUO4bTQFw9XE9gfNFk
FINEMP1016,$pbkdf2-sha256$29000$WEsJwbgX4twbQ2gNQUgJ4Q$e5./qfZli8jqmF/e/xL9c6xoERHs15A/UsmO0leGZjQ
FINEMP1017,$pbkdf2-sha256$29000$HoNQyrn33tv7v1fKOYfw3g$igDmezFlH07ynQiXyY6OK7TJOy4YUiNlxKAHp4GWSUU
FINEMP1018,$pbkdf2-sha256$29000$2zvHmJMyZszZOwcA4HyvtQ$lOW5i8q0tnqzbtvJewvtMG7CRvx69rlFAoNKMpwTJIo
FINEMP1019,$pbkdf2-sha256$29000$Oec8x7h3rnXunTOGcG4NAQ$AOm6QcA09q/wNzoug9BxJwTW9R2WcvrN5ma0eOqR5t8
FINEMP1020,$pbkdf2-sha256$29000$sDYGwBgDAIAw5nyP0VrrnQ$nTlv1o.g5yknnDdtRKUzhAZ8/iZe3amE6JUgO.rIoXY
FINEMP1021,$pbkdf2-sha256$29000$8H5vrdUaYwxBaC2llPIegw$rmso5BjonM17wPJcF7SLgUvNq4DNbKALft26Dpkq/po
FINEMP1022,$pbkdf2-sha256$29000$O.e8d47Ruvf./987R4jxPg$VwCyjfDokex4Ve5gwMMghDncG6u79woVZ3n36iGyj44
FINEMP1023,$pbkdf2-sha256$29000$olSKcY4RwhgDQOidE.Lc2w$Ax3CuqWRX/GUa/GC6pODtidxE5OR6sQJJmmKC0huZFo
FINEMP1024,$pbkdf2-sha256$29000$ZmwtJaQ05ty7NwaAkJKScg$9jRGqAadr7S7hTLiQ8.EE8Ud.QerdTcpp1icXKCrvnk
FINEMP1025,$pbkdf2-sha256$29000$xNg7x9i7tzaGMCbE.N9bCw$MktL0U94o44//j0DrxEtRJS7wSG1B35CFBxfyveSy2U
FINEMP1026,$pbkdf2-sha256$29000$G8O4l7KW0tobQ8iZUwpB6A$YYx8yC0p1KxSkLvqlzv5ZgLe8SRa7ATT.DgtksPn5h4
FINEMP1027,$pbkdf2-sha256$29000$OaeUco5xbu2dk/L.f29NyQ$ugKAPY.i8aLjs6L7nsQQ7g1JFSgFHYS9bIV0k.GE3b0
FINEMP1028,$pbkdf2-sha256$29000$4Zxz7j2HsHYuZUzJubcWwg$weK3FTbiVd1Z9qwEnXNIx3fALISldi1bFRjU/v9JMOY
FINEMP1029,$pbkdf2-sha256$29000$g1BK6T1HCGEspRQixFhLCQ$IVvQgFLLmN0JJX8sfbeX12NHewNRcJIU1bUSBc.94EM
FINEMP1030,$pbkdf2-sha256$29000$5lyLMabUmlMKAcA4h7DWeg$SD0RqWyr7ioPNftcJK2KIKfnpwcgTPiAv0BL2.VLX8E
FINEMP1031,$pbkdf2-sha256$29000$oJQyxtj7v5fynnPO2TuHMA$X3EvEbK5Hi2w8mdRA5aLOMgk7KoIFDNIE7QVtPYiZEA
FINEMP1032,$pbkdf2-sha256$29000$bK3V2jtHaK21lpLynrPWWg$OwVp1kZuojqcu5GOjhTi6/YS/MDvCKkDlgSNdrn82rY
FINEMP1033,$pbkdf2-sha256$29000$GsM4J0QoZcx5L2Us5TwnZA$bp.5TvcYHX22Xa.LFQK9TjAO.SB./j6jSQRSnop03F4
FINEMP1034,$pbkdf2-sha256$29000$XktJiZHS2luL0frfm5PSmg$GjXDGKAKRaj4qajfJljDDMgFSDM.V0p4jSqaL3B7EgM
FINEMP1035,$pbkdf2-sha256$29000$9D4npNTa.z8npBRCKGVMSQ$xEIXoyWAwHGoq6q8e.FE2VseoP1U/sJxWRr0frJlsKg
FINEMP1036,$pbkdf2-sha256$29000$eg9BCCGEsJYyBiBEaE0JoQ$GmcBkqy94s9zRVx6CHlwn.TPklepAlNl9DPTagCU2lg
FINEMP1037,$pbkdf2-sha256$29000$ZOw9hzDGWCvl/F.r1TonxA$j//tgPJMXHdAvm.ghZSRBAFcYm0UYKshkxQooPPtGLw
FINEMP1038,$pbkdf2-sha256$29000$U0rJ.T.H8L6XMmYMgRCitA$ISdT.lbBv5h0pLWo/nNCXndfEmkZmQ.DjA2E998UUHE
FINEMP1039,$pbkdf2-sha256$29000$43zvvVeq1RqjVIrRmpOyNg$JO1bz/f5AnrJfDK0bGS98dFF3OEB5xkXMq1ANqYbbhg
FINEMP1040,$pbkdf2-sha256$29000$FQJASEnJude613qPkfL.Hw$6Z2OKeTeNFOab.r125mS1ms/HF6kmYOsnSby.GyueUo
FINEMP1041,$pbkdf2-sha256$29000$HWMsRaj1vveec87Ze691Dg$kxRHUs5VI2YybHCEnY2YwkH6Q9ElyqXvlx5kspHV8h8
FINEMP1042,$pbkdf2-sha256$29000$KMWYk5Ky1jrnHKN0LqX0ng$cduoDgbRX9ixiryAAIS2n.f7l6KnKeR8ZXKesU4ANmg
FINEMP1043,$pbkdf2-sha256$29000$hrAWAmCsVarV2juntPa.9w$roGmt/g6wTbHgkXeTdnKVQfqWSwh2tDvBjJoD1ZhSpU
FINEMP1044,$pbkdf2-sha256$29000$RmgNQai1do5xzjknZCzFOA$73REbKgeJvorSGZcR81AVT9ULtF0MEYlM9EeGYXbWVM
FINEMP1045,$pbkdf2-sha256$29000$FCJkDOFcK2WMMcZ4b6219g$88Y6l99N7Zw2TQuyzXdExyAv1PqwuX2zogs1WwMno68
FINEMP1046,$pbkdf2-sha256$29000$I6QUYoyREiKEUEpJCUHIuQ$A3.TFbow4.8hgeefD.C6CNoAMydX4pzyDIxo0Oh6oW8
FINEMP1047,$pbkdf2-sha256$29000$stba2xsjBEColZIyhvB.zw$WvwNnxp.zDa9e/9S.b4mdvk2c3prSzpReElkqZeXtBU
FINEMP1048,$pbkdf2-sha256$29000$hVCq1do7xxiDcC4FYGxtLQ$NoBTQXd4uG0F7pVBA/JkbXwmC.pXgX5NEksI0im2ZDU
FINEMP1049,$pbkdf2-sha256$29000$IQTA2DvnPGeM0Zozxth7bw$cfxR5PBcnQvP1yRS5Q6k./oPmUID3Y7wIHCBsiSLqrw
FINEMP1050,$pbkdf2-sha256$29000$RYiR0pqTEsK4d07p3fufsw$h1ytej8PrfNuv0CpMVoh5ku6ul.2APE6ZF7XM6tVQ1k
FINEMP1051,$pbkdf2-sha256$29000$POfcm7MWgjBGCKHUGqP0/g$vsIapDxb59ZlsMHI8sVPvxoTCwyWHYiD64qCZlxA1OU
FINEMP1052,$pbkdf2-sha256$29000$wjhH6P3/HwPgXIsx5vz//w$NxOk1rGbEQQjS4M3rO8.SWVKZcHj/vsnFTTDNY/MfqI
FINEMP1053,$pbkdf2-sha256$29000$nLM2BsD4/x/DWAtBSEmJUQ$BzpT1aohmUNXF3gHpI9f9qX9BmYKPOUKZK8qognfc3U
FINEMP1054,$pbkdf2-sha256$29000$AWBMiTEm5Bzj3Lv3PoeQEg$zy1tfLszmmoFnekP4uzvzTQkucshl47WNKmmbRZRhAM
FINEMP1055,$pbkdf2-sha256$29000$QygFAMDYG.NcyzmHMAZgzA$gHblU.qxSTm3DQwKZrp.I/BB8UKKUKDA/0BMEr.9sBc
FINEMP1056,$pbkdf2-sha256$29000$hbBWynnvvTfmHONcS8l5zw$IWV.VCQNKK2tfxmNShPdhi7FuE7FP0sIREM.tYGhteg
FINEMP1057,$pbkdf2-sha256$29000$sjZGCCFEqLUWYizFuPc.Jw$/KPjeeLnMnwS6yIXY0LQgrPre2V8OuOkDrzQ0pMabqE
FINEMP1058,$pbkdf2-sha256$29000$idFai/GeU4pRyjkHgHDOuQ$cd41VtcJWpAjcf2h9EaciE5szg6FSZqOXf/yC1H2bI0
FINEMP1059,$pbkdf2-sha256$29000$AIAQwnhPaS3FGOP8X8s5pw$CZPE3EPnMX0nTWnYjEdGv/2xEWfzlUyp3WXTB3grWs4
FINEMP1060,$pbkdf2-sha256$29000$.x9j7L03BgDg3JtzDgHAeA$IZnrbwvotdHj96q6KUsVQ9/rbMMhhw8oArhFbRJO5Lg
FINEMP1061,$pbkdf2-sha256$29000$Wmvt3buX8n7P2dsb43yP0Q$jGl2EWBt0FyGgzrMHuNUWVhlrdFDHI9muHdyLAz9odQ
FINEMP1062,$pbkdf2-sha256$29000$h5BSqhWi9J6zVsqZE0JoDQ$GGcA3q.DztWtgShGASWDhq7T/KxiINWeJ2fKiNitB4A
FINEMP1063,$pbkdf2-sha256$29000$nBPCOAfgvNf6P2dM6d271w$nmaNkWHyclrj9X8pW.WjRInQpRi25mV/qYPHjxpX76Y
FINEMP1064,$pbkdf2-sha256$29000$6N07RwghJASAkFKKEaIUAg$G7kjBbZ.vdBgVP/XOT.8mf0hJrcxGVlWjhzcKNYcxcE
FINEMP1065,$pbkdf2-sha256$29000$2xtDCOH8X2vNOSdkLAUAQA$n7hHly4qF6fAfxy2Qijt/st8o1k/MYVKyfxTmvep7p8
FINEMP1066,$pbkdf2-sha256$29000$Y.zd.5.z1hojREgp5bwXIg$JlmqLobi/UNmhgOxjLjV72TjKzZy/CauBuIeocAtMOk
FINEMP1067,$pbkdf2-sha256$29000$tjbm/F/LWet9rxXiPKdUKg$cWLvRpW1tmCEl8u7flzzRkJ/.VrvSzgXWUcauk5T3IE
FINEMP1068,$pbkdf2-sha256$29000$LOWcc24t5RzDGEMoBYBwrg$l4zL/bi5wS/Cw0qdJDIugGUmOa5PvcK47LHrIrDkJQU
FINEMP1069,$pbkdf2-sha256$29000$XqtVqjUGYEyplRICQGiNMQ$kiJvVa3D3CPbZ.4prFO7Eqo.zrYXK76tbFP1ExT25cw
FINEMP1070,$pbkdf2-sha256$29000$pJTyvpcyJsR4j7F2jpFSyg$vvUms.cXfZ/KGki5iqAAIRHG8wGBiUjBJHDTS36a.0w
FINEMP1071,$pbkdf2-sha256$29000$e2/t3bs35hyjlDLmHCNkzA$B79PzFVUKWRphjU44Xhf5UGsqOI2JFvk6H03j58rjmw
FINEMP1072,$pbkdf2-sha256$29000$gHCOkXKOUSplLCXEmFOq9Q$AzYy7d1F/eaMjzVjKouxsPzYCDdndVEqjZ9fSzVvYig
FINEMP1073,$pbkdf2-sha256$29000$gpBSao3x3jsHAGCMsRYihA$LjUOtlmVWxpRr.jjfrfVP7BKTc5pe1jGvJ/fWDr9XXQ
FINEMP1074,$pbkdf2-sha256$29000$.L.XMkaotRbiXAthbC2F0A$nkP70yHZySmeOBWEVHEAA7CMNlYmBbdWPevUpvRe44g
FINEMP1075,$pbkdf2-sha256$29000$FgKAUGpNKcWYk/L.vzeGkA$ckHdQaGNV3W8urGy9O51vodqm.NvDBkVIBfFwNKJMRs
FINEMP1076,$pbkdf2-sha256$29000$6b3XulfKWStlLCWE8D6HUA$KMvhdwVk69kEmPPzDYG5KnRAiSfnRFhv2s2PRYrJTnI
FINEMP1077,$pbkdf2-sha256$29000$GCNECAFgrNW61zrn/F.rNQ$6HILsWLfgzMHpTeZhp3zEFOtY9z0R0YxJcoqCJXwe8w
FINEMP1078,$pbkdf2-sha256$29000$Nab0HkNo7b0X4vy/936PkQ$zwIeUe75NV6aGY0wVMqP.Qja4ph1S3zcgtP0p7nIl6Y
FINEMP1079,$pbkdf2-sha256$29000$fg8BwHjvHQOgFCIE4Nw7Rw$rxwdeiE9BkGLcLKEIr6cLvgY206YcbvMxeX54L/NNK8
FINEMP1080,$pbkdf2-sha256$29000$DOH8fy.F8L53jrHWWislhA$QFbl0kCeJCY3Ilh9DSaoNzaCVTgHCKEkgiqdcX9pnUA
FINEMP1081,$pbkdf2-sha256$29000$uZdSCuG81/p/L0VIac3Z.w$UPyCoCBc0iqpu32WLTAUMWM.N/ZZiStdpT4ONxuSYSM
FINEMP1082,$pbkdf2-sha256$29000$2rtXKiVECGFM6R0DgDBmTA$UzWXVFaXuVWcTir8i8fn.tReMSmUp327OupueOKBCw4
FINEMP1083,$pbkdf2-sha256$29000$ZszZG0PI.X9vjTGmlBLC.A$qf2Z196YVxF.IIZF5mAZ9h1jPfXl1j8GYiz0u.Fnzq4
FINEMP1084,$pbkdf2-sha256$29000$zBkDoJQSIkQoRQjB.D.HsA$.Ec802icY1kedBPAV9s61YcCXKyHsl/2IVO/NTDgeag
FINEMP1085,$pbkdf2-sha256$29000$eW9tbY3xPofwHuMco1TqHQ$aOyBHsrDcP8Sz.qGVuXY9xzQczcPo0V.CJcmSp6CzaA
FINEMP1086,$pbkdf2-sha256$29000$RSiFkDKmNEZorVVKae09Rw$rpvH1TY9PCZlPVdkIuyGNIoog5m9qlN/rGvWbFmYa50
FINEMP1087,$pbkdf2-sha256$29000$GgOAMOY8RyjFeG/NGaMUAg$5i3nLkEHZnveOhe3R4frJO4SqJDqanHrnDPBAhQdTYI
FINEMP1088,$pbkdf2-sha256$29000$s3bundPaO4fQ2puTUipF6A$hxDkpAvFXY9FUb94PIINjotCw8gnITW50bCDzEyEnOM
FINEMP1089,$pbkdf2-sha256$29000$z3mPkRLCOKc0BqB0jvGekw$0EJHkmDgaxICeqN2smsaktQ.crwLbtAMe2pHVH2j5Ls
FINEMP1090,$pbkdf2-sha256$29000$tLZWynkPAYCwtlYqhVCqtQ$ZXub7bPyn7S/8MoRiPibCrlvzw7ne0SaKpi37YzmWeA
FINEMP1091,$pbkdf2-sha256$29000$8Z4TwhijdE6pFWIMwZjT.g$j79rEn/URh.mIgrlOn5qlTyBZQQ/hZYoJCwLsUGJCiA
FINEMP1092,$pbkdf2-sha256$29000$JySEkPK.d.6dMwZgLEUoJQ$AcawAqs8Np12bRObkoYhZst8FyodFaLnR6ywczRMxbU
FINEMP1093,$pbkdf2-sha256$29000$Xau1VopxLuWc8x4jpNTauw$43DxgA8RKxT3.LaB5xUSVMuK.Yo921pbuTCcLgESXmY
FINEMP1094,$pbkdf2-sha256$29000$LUWo1VorJYRQKmUM4Ryj1A$013OWkR3X.o0Oc8ngkTBdVK3P3wA5MPROJDktqyfWpU
FINEMP1095,$pbkdf2-sha256$29000$j/EeI6TUunfufa8Vwti79w$i9wV8nx9gcDV8CYCbeyTHxa7mWdCLI/XLbJgfvYZ6Wo
FINEMP1096,$pbkdf2-sha256$29000$iRGi1Pp/j9F6751zLkVIqQ$06iGVRsSEGmruYAcrDkjL27Gw/Ssl7DYQkERm4r0SFs
FINEMP1097,$pbkdf2-sha256$29000$x1iL8d5bS2ltbc15D4EwJg$ESxNUxHXMBlWBSp2gqFdfYyTMpCghq26S/5hRccF3.8
FINEMP1098,$pbkdf2-sha256$29000$DoHwnrN2bi3lfI9xbk0JIQ$O9rUkfEjGuCGcCuQCz/gJnIGdS0jhpTPXy9TvK7uRmw
FINEMP1099,$pbkdf2-sha256$29000$tnaO0ZpTas3ZW4vR.p.zdg$thda./.UpukL8MQgZIapRiNCeEJbmd/uPuzx32KF0cE
